Tempo,Energ√≠a,Tono,Like
96.26206282489954,0.5066438633149107,4.444852904387645,0
115.65131841898793,0.1935812586163802,1.135513395694387,1
173.45559554369177,0.1661216215508542,6.935527516329602,1
85.24978251580603,0.8833165357534962,9.670662437014133,1
90.66346261559544,0.4366938790490983,2.621860286443934,0
177.18247548281437,0.4102124339394362,4.1885484068095895,1
66.98356135613604,0.7185973871289306,2.4435583719726366,1
179.80647305634974,0.25197535594721276,5.614318444318524,0
98.16675850509219,0.6456612868265446,8.405138989608478,0
122.98400228712856,0.805216931593469,3.9856503704528365,1
150.12320437189769,0.65061119286485,4.1935629445318225,0
120.87893460852709,0.6418923680711112,5.769680734533498,1
120.13745402906085,0.2829723359329198,9.070618760497466,1
165.5730604416823,0.40507907104781793,6.699953974395885,0
92.72580183708905,0.5550266873558637,2.4112422910759608,1
149.32699515441362,0.7582007371706281,6.523730672580367,1
152.79883244508386,0.6504378278590983,5.271115202792734,1
151.17109055903228,0.6187365861251839,7.668471851047346,0
125.0744853061999,0.8279793648610702,1.677546763831817,1
92.55720080014655,0.9429816858004483,3.388940296509385,0
97.94528537156991,0.06533446711718083,7.611140211216255,0
61.3168100564226,0.5499362385050689,4.3024100869911015,0
130.39640062838467,0.021784742755214137,8.589753337067975,1
133.5068078142541,0.180412327551976,5.986833956375287,0
96.84597401426294,0.3248628303139858,2.0395074014436165,1
146.10636981368947,0.5865019400801675,6.867041606892193,0
144.30868737500265,0.6928338482775461,9.894446156126543,1
148.24093263670431,0.07010047497048566,1.0204309484413265,1
136.4425376721133,0.7421983591262524,8.542833555169317,1
145.3863333248879,0.5752230413968216,1.0932263688935138,0
136.03569135458883,0.21351584227436793,3.5485939500616364,0
126.0910727120231,0.784732766755483,2.6746217503754464,0
101.72184031932815,0.8648997665265609,8.681183346385614,1
162.20952867186833,0.31972944065631437,7.816983497581062,1
160.4811792623371,0.9339557665080133,3.7244711240257193,1
151.22369357489853,0.4143431347174499,9.76453280955992,1
79.07726138674603,0.704774404563739,1.3435402957870224,1
145.32145471722276,0.09927607590257592,7.651090025653498,0
160.7390448935284,0.5220514494796773,6.156800735444266,0
73.55351900237214,0.6358368384298972,5.632155829298096,1
71.5505387787716,0.14304680539862324,2.669747036502998,1
72.84281910144067,0.1547967591573418,1.551162378158177,0
86.48359795828216,0.23278501253928618,3.4839598606777753,1
106.89058184925307,0.5012290161967509,5.527776527994464,1
89.87294240606195,0.6221202504543927,5.655296974645468,1
89.82710129276032,0.4063850825045253,2.715406814076804,1
170.0343742740008,0.9040841684126528,7.434023981796063,0
157.68834044222177,0.720374981466698,5.448153955081228,0
140.70847701118942,0.3402937393855372,3.184189255429882,1
60.49571117642866,0.21390841487137457,5.296325384184826,0
133.39086752551293,0.19388291030397609,4.296162499365342,0
74.5420892308322,0.9224360749869885,4.601080796524433,0
142.66766139197767,0.37093587806029393,3.3092473615731524,0
93.02685884272249,0.9550057336287212,7.059566904136997,0
126.61120894827751,0.964290442011546,1.6537876258424529,0
168.9203744107425,0.3161575657984923,2.4712318210520783,1
100.999589667348,0.047144539711852396,1.9269994360342457,1
129.9022213867783,0.7720056355856492,8.19275064527796,0
106.18880566999758,0.1882994702578995,3.1655871801135613,0
141.2574122910208,0.7915545890904052,1.0981008967328831,0
127.67187038877921,0.12482639150833563,6.732475214456881,0
175.70545002018542,0.04009630924076979,1.3885420800072428,1
108.92214956145477,0.693458123080978,1.650416310091126,0
121.5042992943538,0.3325509130552562,3.412610109216753,0
177.87248144903447,0.06519169386534895,2.6316966313189463,1
110.18387000223333,0.45757940782539397,8.530483316450082,0
124.55845583986483,0.9133629444329585,7.911870942727499,0
95.26726065034744,0.566970145282038,7.515883338567839,1
133.90814622541706,0.3294529080206835,8.087833156726017,0
70.77659149197508,0.8224117712867576,7.830776690115922,0
99.627523872215,0.09398531007293487,9.982577462282476,1
132.3157021102043,0.47997663714681515,5.19533547449221,1
118.04707174321075,0.7890227760953651,2.8341564051630073,1
76.96724303650177,0.48474589897628273,7.326384518600578,1
154.44381525803476,0.9630424586308781,9.735363506064894,1
106.45859924520128,0.6185411508693043,5.347793860342028,1
93.59427890736617,0.03748730148941026,2.3082895876989435,0
72.79929378172145,0.7056298752699345,9.445073282427698,1
96.96333153423252,0.16208056133321924,7.301010201821103,0
167.94000119515908,0.8706119615979208,2.8469071561566763,1
154.5870944898818,0.17039931132429886,4.756988525075712,0
163.09628266250604,0.8523601349899783,2.312922892181655,0
103.97410919926855,0.34603596193794117,2.3520965895200643,0
106.98733329683763,0.6522292476753637,1.1567631516767363,0
73.82913184672361,0.888631378201393,4.598833449027097,1
79.17913893160257,0.24856873787459188,8.341938754391009,0
172.17410538237044,0.6938739038942086,8.168192248841608,0
72.75997417948173,0.6341907038885602,6.0082103389913275,1
84.28057761042243,0.5749848506244959,2.7203577282548146,0
84.07736035652752,0.268854523245175,4.081819425609693,1
97.54819515250739,0.43640922211388933,1.1832410897352095,0
62.289556877392165,0.4731840029334031,8.362314971027873,0
110.46070301482192,0.745234955696703,4.364723978453336,0
61.71205718726997,0.9166922424160409,7.041260562630218,1
82.99862705062245,0.5990095399396915,7.024048970075603,1
106.00570971603854,0.8379286783297402,8.649976700025583,1
87.39535385873981,0.6634598604354055,6.065350202647319,0
132.83575567015146,0.8633141313696382,3.366394103499964,0
91.37081241049195,0.9727522205049021,7.233869917376832,0
119.9349981793579,0.31365934328851597,2.338354806647306,0
144.12059037462768,0.4566974401677064,2.7482237528242663,0
64.2919118125875,0.4982307696879178,9.091234019088589,1
160.2341566107569,0.4003521992192203,3.4297582817405097,1
148.24126264726704,0.2931957732510012,9.851224597242524,1
80.86687512009574,0.06091560628445658,2.7629501508609833,0
84.25490622743943,0.3155518179561033,5.2441309106847225,0
78.33990646628413,0.4958640773838353,7.643416794704493,1
116.50794461664395,0.8171533149866795,3.927709283330144,1
63.64725820022185,0.9087978115970383,3.5781690622056024,0
135.7953266584941,0.9647797824419879,5.542996671187686,0
165.01604969602977,0.3398105271546351,7.797707337148551,0
68.1264761809572,0.037762631985787554,5.680300422380944,0
99.68750604787587,0.9646827757587138,1.2577786145697616,0
105.14331109895339,0.14799593917772835,3.544700958020133,0
124.77420885408914,0.05403287182547256,3.638614071253906,0
178.62369346501902,0.6797925037860658,4.206428713952804,0
133.20000161806632,0.8885727989303519,7.671597630032633,0
60.90733909706819,0.9637512354643527,5.1732919712729455,1
145.3381781295256,0.9623311434961116,9.268738936671552,0
121.40104991255677,0.16962380512038522,2.059126700738492,0
82.22929572832214,0.5611747341129623,3.9921738624243654,0
125.62093415040347,0.992602467870399,1.6260605784874835,1
176.04650101392286,0.32406299811891814,9.538357059496272,1
61.91489473085874,0.6281555342662046,8.222072709003271,1
131.4543971632388,0.5804535424372277,2.9327535647460183,0
70.19335472842845,0.07046029919770302,9.667716308223836,1
78.17857692119988,0.34173940335167796,5.454588648877689,1
60.72225887268652,0.36373783380379565,6.106550366651103,1
163.0356525263066,0.7965689291055571,3.916855111242097,1
110.57132567777947,0.9200456946446212,5.198609910231298,0
90.39921598555935,0.09508613237300023,4.5239517064123085,0
143.1328131158504,0.7548736687495557,6.642066637900072,0
142.44124527235886,0.38528933079249683,8.714840005207058,1
98.56152147749302,0.9708366099115724,7.018984958116029,0
72.88202991756296,0.4922034592889569,6.630981399292077,1
153.97258399156786,0.2322384105239168,9.369318570565737,0
152.1716423022989,0.2976488381063862,6.973417598766961,1
146.73896395782714,0.8907280264965263,4.448326915973708,1
115.27108610613686,0.48569847444411895,1.7046402834650904,1
116.69607160459944,0.6118738930292418,5.9707940764537755,1
161.78664662594525,0.25237670146963975,6.436411817310905,1
63.977273625494256,0.1852954118624306,5.153116655645228,1
64.36931410520718,0.6421623044531436,4.491151306988543,0
122.420317808232,0.7321364254951911,2.256844985973596,1
170.60413748529697,0.8958476609594086,6.061535326408365,1
140.92500051697118,0.2877543832477958,7.202089535752444,1
117.3887527949786,0.8484812104262365,3.493940347636576,0
89.17507197306377,0.8939624665652798,3.119501524054572,1
137.90622335688062,0.8762091352800271,3.7365100441598535,1
119.99072823763015,0.526822309017737,7.9325477035148335,0
176.73035821347727,0.5490335085009252,6.87539793498183,0
96.8706564695419,0.13806908541791574,7.813458577782678,0
145.71313855772934,0.7060470889490627,3.1657546042103606,1
139.31889063292837,0.45728639016182004,6.711148793342333,1
62.318311971570864,0.7888026744079716,8.147386303073073,0
138.9914569798205,0.9611400818047678,3.922003057838992,1
89.29881893310508,0.20008350575286638,2.4625194255009726,1
118.65376563799705,0.9004681584114597,3.264427248332523,0
92.95759417363513,0.5442683916359395,8.160122000184554,1
178.62813332286254,0.585991221928279,2.95689110339322,0
118.86554509086999,0.395216796067944,6.396559125184112,0
131.71901501963822,0.5855489240136015,1.9175344371255887,0
133.40498408219491,0.5896057593434988,9.875631181188446,1
68.5506979805004,0.9083233497670561,7.190044389809443,1
65.84924716532964,0.8371586143958898,2.1902149467795358,1
100.2937440720448,0.4124568275443862,5.679239766852204,1
82.76111780663544,0.38764378006048095,2.8900549753368776,0
179.71352471024787,0.6310463373628622,7.8858801075966545,0
167.433579397894,0.250404337350411,1.4923767915659598,0
156.39249732663637,0.478772106566261,6.4626571471389465,1
100.30758976935545,0.7269223639173176,5.558410270839621,0
172.1985569365883,0.5297719966713249,6.3166956055260695,1
158.71729703204065,0.6639866303126158,4.838080452325457,0
101.10391326528813,0.3686217951455544,6.427825353173277,0
70.06124603078143,0.8763937567235571,6.54310661459887,1
74.4390047294652,0.4181809728331306,2.316176407480188,1
71.26455816780927,0.29523489155939764,7.603656824742453,1
122.01639800063508,0.27339653818299436,5.070670367795769,0
100.23888294152843,0.8192014845487231,6.976664922513333,1
129.86048479205874,0.1394688071916128,8.179618167241937,0
146.36032636605864,0.8010900836823395,2.318986970801475,0
146.62805494890344,0.9466497026922168,3.194177888696159,1
169.85411656904515,0.7503497557093642,4.451615003713588,0
78.48921753018391,0.345281804238612,4.598592134397515,1
123.52675150028907,0.9033348831672325,7.499274531450279,0
106.24446314016706,0.06238494657770055,9.712523522059236,1
93.99524719131742,0.5803289839438336,9.764544142724503,1
158.22824518033121,0.6658152493273658,6.6993153961227945,1
174.81672943178924,0.08898744751128307,3.623699917144459,1
140.23030904469647,0.2692492131161611,1.40221428722873,0
100.4875308458782,0.23407209483596547,8.929260250816315,1
175.94789905818317,0.5627449368068859,9.163576977222364,0
62.04234973740778,0.6187292203250682,7.656590396419792,0
142.35207401050354,0.7948716779561609,4.49710912858016,1
101.54305049572307,0.04375236727821863,9.006215126194897,1
162.09855906030572,0.18668485856108774,1.0528360065481723,0
81.7375725570341,0.4270580592988694,2.913144862156307,1
72.594406138029,0.390891508831149,8.296223415000963,1
96.71310641583474,0.22116625668071466,3.231706012969754,0
108.35413250815097,0.07445833645471811,1.928156024293949,1
85.41067098351229,0.16005790509137907,3.9891345947975045,1
120.22954361872144,0.35700264768266843,4.330802873486739,0
158.32201260121042,0.4782380130580126,9.332276677850334,0
85.84930953736394,0.4802587379422547,4.180953377677392,1
170.9585793100124,0.6465074728444475,7.976164197434935,1
130.59484674308078,0.5137964609034027,5.131016188407945,0
99.58261884883115,0.2692870097217457,1.4417814876238455,1
86.93610177539415,0.8131119482583994,7.6651149235427996,1
75.30004174862549,0.17883456244051577,8.666744343889052,1
179.25389940590122,0.986994421775344,1.6691981887484768,1
154.0040052096512,0.7209394755752988,8.287131609984453,1
92.16918978114289,0.31404640754516877,1.914816335135877,0
154.64395806203984,0.8845646922745689,7.2779728466771845,0
72.77870771423638,0.908245848312326,5.558899153904957,0
79.56534103672907,0.9792053245280696,3.432306819282239,0
75.8466617645419,0.2681613105054188,4.609760692661349,1
88.17464036809187,0.1370167544805203,4.780213728356529,0
74.39268174471258,0.8010685122903934,1.2694794903837407,0
84.11757613226706,0.715352479587112,9.581572290766518,1
156.81038905219634,0.4792788700762022,3.665246977803281,0
122.57872659696227,0.4004430552528946,4.271774420396477,0
111.09823438849956,0.00918200874049524,4.651709275013568,0
149.32603179124445,0.08376157175702403,4.058283370628789,0
169.59798705979568,0.8115918296452177,4.027777644172439,1
167.02482174785774,0.9128580662190682,1.7129913536703585,1
160.16149617241973,0.48311959072513233,9.369607047292895,1
170.61815207094975,0.17658593693213465,7.355809154858491,1
166.8542403560634,0.7436121660683668,8.252840888349986,1
171.46953880646612,0.7224111759561924,1.4706556891519282,0
155.43722921159033,0.7421636196026361,3.3138090404505682,0
166.72217423336372,0.4404247951174036,3.5339140674674114,0
78.78056615319035,0.016642663417119063,6.291024684515323,0
163.8849558345811,0.17743968514848407,9.461265765271166,1
163.96701695361162,0.000983541445345737,5.966108480416139,0
133.15569653251475,0.3392645827874865,9.181665834611978,1
151.35835964144184,0.28073921060274487,1.50207654685479,0
128.35774858980477,0.3026575090512498,5.663824223637503,0
148.62499022069477,0.7990108861767581,9.104405413485953,0
96.13126607446407,0.7938263684122229,4.576529904593558,0
116.55861365017489,0.40017593469327806,6.697811035420854,1
107.0388937965696,0.9580482269462267,9.545976128464465,1
94.52243679659749,0.875617350718178,4.935927140195654,0
163.92736878968776,0.5492608657133498,2.0085827446077777,0
70.87930298540256,0.927594731689476,5.157337185402652,1
160.37130123956186,0.03186593887460687,1.148388435212738,1
70.45022009465903,0.91812582112345,3.272529933875604,1
150.8972912604981,0.3225935075329135,2.7354262934659834,1
131.4692400334907,0.19360983766850637,2.867521650606082,0
72.34144523849069,0.354694502018572,1.5147303089187125,0
168.4874548294357,0.9979312261471185,4.8501062743195,1
141.131980446776,0.8053862719981625,7.84052135601382,0
166.2347800187324,0.6740425461966427,8.361403932610806,1
178.5475978814751,0.7603415943033602,6.8775464737316465,1
63.91422871964402,0.8659919965308945,7.316510855144529,0
148.95619753805363,0.30221641364074725,7.792537115104031,1
166.71067307891678,0.5346682713725502,1.14851896176331,1
79.977748750741,0.805112534395085,5.405892048907175,1
93.38938381087752,0.4323966489092821,1.6039924979562068,0
92.02665389558447,0.03615459136029997,7.016311040496197,0
103.66560616569797,0.08204274852090288,1.94516445973536,0
145.56688458761914,0.19167648377460067,1.774124730339067,1
149.5704571392648,0.9301213070145083,4.996554242330197,0
107.62627480374994,0.9965523666485887,7.874276544923391,1
82.57254331963293,0.781639857477925,3.7644945075612175,0
108.5737849165962,0.06685726905724498,8.024220835084716,1
78.35133937995492,0.4263776736146063,4.365377557396524,0
158.76965420478973,0.866992810535456,8.769932189750273,1
67.5628285363789,0.8576936021747174,2.230541949006322,0
91.03901622103857,0.1409313673120871,1.4172849343860296,1
172.31932241528472,0.8311611431354393,5.811833129518718,0
126.27733009914486,0.7908790033571401,8.892004835244947,0
136.29800726311058,0.05527276903180178,5.206912079258199,1
89.78288287728878,0.30054801626033323,6.465823702523057,0
75.0409651204243,0.16161904758562085,4.486484670320166,0
119.96693966226485,0.9320997664751542,9.766218951003989,1
177.86245994378945,0.2559245245327021,7.752196053074946,0
77.43002862349664,0.49464637067880135,7.76812717369383,0
159.40612684926998,0.6344807923058976,2.979704453075594,0
84.71624008185972,0.41308967253452855,6.290234462145396,1
145.1347243946155,0.8420986978233844,9.313844506966761,1
71.9429488826268,0.16968509267086562,8.552759341147304,1
67.84124915628522,0.8094457749569202,8.979561641743292,1
99.31114049186901,0.5747936487749952,2.729715819486148,0
95.9541999159423,0.9062909152095237,2.3783099757540147,0
104.14504185973765,0.1842352601803684,9.774808935302028,1
154.4905895997017,0.2094481341110579,6.228256824471263,0
120.05423945533357,0.5385077668717234,3.6075313535401943,1
132.00900330180505,0.04302360869470423,7.635720916329943,0
75.88430785204467,0.1699360126481172,6.087283793489776,1
112.77577249227141,0.3254763836295982,1.9932634854209592,0
159.45878781747226,0.6173701569841166,3.1554634015826526,0
80.68325933073109,0.6185934392652275,8.795168932739145,0
113.20570303062539,0.3022814940478532,3.0851863917739424,0
166.17741579970465,0.21293231930794343,7.020010950975334,1
83.72873310265908,0.1895480552514932,2.6924303343343245,0
161.5683656580229,0.989378224316035,1.1831188405473738,1
134.81035744153553,0.9964154235122392,8.634537590434386,1
155.86441650735526,0.1970290619884837,2.090313795953322,1
140.9350920256466,0.16441627108461332,1.8650969796006633,0
112.08511754887323,0.3888818960908833,7.300040386583016,1
90.42040685429932,0.2917402640851475,8.627873293223951,0
85.85252718768396,0.37937410281756445,4.248762604533666,0
114.15272432589214,0.2090496429391393,6.980570835809434,1
73.29289401607375,0.6685058176834626,7.711363816210058,0
69.84272040350334,0.2586630307231357,5.201918690440858,1
159.14662783208092,0.22587472955887622,5.744142316682807,0
127.98227517823193,0.8338934986712632,4.330067036194473,0
98.0141153809193,0.3534043435498547,5.3965377280653755,1
165.66168516572924,0.15086460260110357,2.705120359604246,0
132.10631992131331,0.5742577279378047,9.4898911658873,1
165.4589880898254,0.5142982292547295,7.008842617509686,0
115.3871848027414,0.1010159260955048,8.175145067806248,0
70.98484277522662,0.5259571199293533,1.556832000184341,1
138.13016008566714,0.6030004098276998,1.6865120153704536,0
147.48331702603562,0.8280591069583526,3.292092340205979,0
124.49739184517006,0.5720818032311012,7.327151887044222,1
100.13111383822712,0.35988868701544374,5.865067746546805,1
147.8381015383913,0.06289288633270151,4.863925341973711,0
67.54756189341262,0.8819455158220882,7.891899706738956,1
114.48223370964817,0.045162383531224704,3.583940305422934,1
122.53541046499889,0.6346258693070156,9.725871818908146,0
118.81458238205889,0.6926547770215997,9.032493831545699,1
164.2415388753705,0.9687691663782048,2.743056736582899,0
177.9707385737774,0.5477117759688716,9.521230720808816,1
157.18768458534646,0.1345998377681512,7.950117839807568,1
177.195774196057,0.6187287120602954,8.922074107904791,1
143.228275842274,0.026285692922006332,9.326445642651585,0
130.51290831409608,0.14382909118164677,1.8202508452178137,0
118.41604134407301,0.4748601835538019,5.891999643772361,0
111.56282975110317,0.8654018620926844,6.3684916050671845,1
122.27306446441511,0.3261722998064499,7.2500898371449765,1
150.81133573927912,0.8892259533242305,9.01924264578576,1
129.5655920200178,0.9116475683471985,4.999247373536361,0
62.41918520163382,0.7954424408367831,5.242572192286386,0
139.96053565516388,0.9444766897636866,6.870354660463693,1
117.09454819763634,0.8962072065965239,8.932061822116236,1
114.60155623357664,0.8530920812690709,4.301935048688149,1
73.57964242598926,0.563602410079654,6.15778256500831,1
153.10184338686082,0.9606017765094744,9.996418180092302,0
81.63593202618792,0.9133521708396783,7.4387373349017905,1
142.19743923710075,0.4317189974675818,3.1173023776967566,0
139.68687018742787,0.46724909615071286,9.491411128868243,1
153.03860262518162,0.10614382720960824,4.455150204630389,1
77.67461339981244,0.14636188067563383,7.426183672587099,0
146.28086741511822,0.13023392555490076,3.845556028118083,1
166.82354716643295,0.10802702844505663,9.471816232471712,1
156.22959725105687,0.4465462579662983,3.3412463472374907,0
159.52714446606188,0.2659652754732108,7.483752919046118,0
113.65389727678988,0.8226424929427544,2.4019413278476427,0
114.1899464596823,0.3056304070805079,8.708235936903975,0
68.81755320861392,0.5505065069274063,9.951876327444678,0
144.40789348947055,0.5284486443641268,2.3668276851855663,1
142.9881001912761,0.6906031032281181,8.382302350977207,0
82.66626430894031,0.5113200159930473,8.826627664557723,1
135.2186113790445,0.3063768180911284,5.143296327507813,0
159.78311532354758,0.5998055229631271,3.91614185711562,1
123.13129342927232,0.15724376973397713,2.8187601540236855,1
110.95781628708488,0.6888960472404668,5.173541661483053,1
108.35292178865414,0.14048283617256963,8.936176538063805,0
71.37255513520303,0.7086215795226241,8.308084629083263,0
179.5264003759453,0.06558357212870813,7.452477029702147,1
120.98316924468833,0.9773270305903339,7.706533510448471,1
130.95419603789298,0.9674472704720343,3.5028235273426036,0
68.52024888353681,0.08074159438660655,2.620167948920902,0
71.64312525655376,0.41497702471433695,1.1008114923876045,0
174.59756343409498,0.7007042208814137,3.6067585106519244,1
144.841990781455,0.7314542929620037,9.800299017376469,1
88.11623166777551,0.8134080554337605,6.273715979340534,1
142.7115789471638,0.29669987730166114,1.9492818429961136,0
120.30351060148266,0.5361307219318467,6.4927863730561715,0
77.47537430118001,0.8607556171800945,4.596791203617645,1
113.98097979896704,0.17561446314298734,3.656896028106871,1
116.77352560920411,0.08712431576472568,5.532236929970633,0
117.24590295130824,0.6881751594956306,3.454062997602496,0
80.25772815738503,0.5555932885142781,7.083345292544618,0
149.47297927116614,0.2321075483658258,5.156232929023755,0
177.11472236192125,0.15089262592880326,6.145438026533876,1
114.83122199588934,0.07674822826083327,7.652311773011082,0
94.22935333172218,0.26056518344333934,9.45193452560757,1
68.2091348819587,0.027104817895279854,1.2018549918288737,1
120.89318941143895,0.4115066458758172,6.88151852975793,0
118.7875179441392,0.5511641524419483,5.596407137515928,1
63.96446548683074,0.3877419891752302,9.638886077329953,1
84.1701239168043,0.3995024009455853,3.554867129748715,0
121.42371488173083,0.8329978889771881,5.185114493107999,1
163.44972978413813,0.20785585247183735,8.986354446190173,0
159.66601327265903,0.5666561632356016,2.4969214492609835,1
119.5804704693975,0.5516190892753263,3.515503431000148,0
159.5621159443938,0.20446230917751218,2.4991976817572996,1
179.111284286739,0.853392996939651,7.13332901809328,0
118.92934171360773,0.985677572884686,7.74340539339671,0
165.46774503986558,0.3563142385747017,8.40722371172325,1
164.21077109034147,0.7878194771255009,9.840465454139197,1
101.82910591784082,0.12323578586226558,8.44403970463205,0
89.6696070511521,0.7992005604686073,4.515401662635093,0
160.5307570072061,0.6455744216676756,3.565808722572421,1
170.88665115150332,0.910895668665871,3.6775236642602693,0
175.8766759578028,0.6018533386116967,2.897154870315018,0
161.46509715938083,0.8231731221968922,6.802018359810023,0
145.47773227284793,0.7897453604931433,1.5351801118430777,0
97.84670184452764,0.2099651126223837,1.0686151353993596,0
167.6546431643668,0.9253592687273765,9.075370044317665,0
122.59121244644325,0.22064021494576047,1.829097572195955,1
81.80285775175699,0.9573403161273251,5.239676169335566,1
89.88022893128891,0.3290080288135524,3.4384386754155822,0
135.18569163265587,0.7354174335981867,3.3043734829240856,0
118.3408955612639,0.2912677995235552,6.2958013991793145,1
98.13350194325695,0.6389628209012858,5.352016878360632,1
87.78119289021947,0.6659366820722579,9.611223903384833,1
162.68008486971195,0.9265233806585235,1.2511117035138044,1
130.251285852843,0.8566029909499657,1.8384785034947757,1
135.15009456987553,0.7996485263595221,4.930178261757677,1
92.66590575511808,0.7168782072817776,1.546815151259477,0
85.32478701961264,0.8841172023008855,9.192065938303587,1
79.46526495576208,0.9354790216135572,4.509481601788953,1
126.14344401598763,0.32293763352184546,8.216931865677708,1
137.02242310041913,0.3858950253521307,5.131922352864664,1
75.14785418022406,0.03183842761648714,8.345248441090922,1
125.87194174818573,0.39316090399600445,8.985058666724939,0
67.19460844617414,0.45422329810720863,3.0738948554260777,1
78.80726404921654,0.7245413864769682,7.34593498781104,0
168.38139715168785,0.43993010126777565,8.790574418421386,0
129.92380033948592,0.5844427697326802,2.2568458450523305,0
119.56840649291487,0.754211769422272,6.2223069685769135,1
154.21251749573338,0.9689632769619299,5.6575953585715375,0
95.20821265243663,0.006686704991414549,1.911245007689036,1
132.3473000940594,0.21301290103877524,3.917622386797062,0
64.46420184892585,0.1826012778595727,5.432836931782338,0
116.71517665869516,0.9722553146459103,3.7937609725541863,1
64.58097409538381,0.6547169329057979,1.8084683227956673,1
163.2538460754061,0.632008995419002,8.516419495795866,0
91.84925170319485,0.9454532242115951,3.4515142024080028,0
120.50744771440614,0.26542737136184946,2.1296534825139486,1
102.2544437140363,0.901589440087036,6.598894576705981,1
81.46532067562768,0.5539036657899916,2.9160438287834407,0
103.57195468308984,0.18179508727808513,6.713669727178412,1
147.9865921652352,0.33269420698475294,1.372263143457527,1
142.87101427950546,0.9033107652153506,7.614127354381777,0
173.26715406176578,0.7503867352501731,8.175747931688704,0
138.9414825885191,0.8472939272520172,9.783626005049392,1
139.8231354190064,0.8653829160232831,1.5456917917803508,1
138.76171566953738,0.24507578321576418,9.381055655766163,0
143.88703138122122,0.9377870135479698,1.4088559647336896,1
70.52970281065647,0.4936683687770719,6.421154313598429,1
83.71548075066633,0.8587759559705243,7.152944422416617,0
89.39721192236935,0.21777544074998145,7.808623361467211,0
171.5219547531726,0.5962309597362591,4.338894892254988,0
133.1088428867364,0.5444732522905987,4.519495866965111,1
147.4208670501351,0.6155584110457486,2.352061066224926,1
93.51541280677017,0.9651121672053634,3.7685038996699927,0
137.72110966133155,0.9656165249011008,4.298907663637957,0
103.39130560488871,0.29588263322842,6.330343321345907,0
90.33811399258384,0.6409620340457058,6.634400409545733,0
101.0450000578823,0.9579063020989383,3.996447093110412,0
98.56599636543775,0.5807723169469797,3.0099061646582905,0
75.53753562867571,0.9147226549458795,4.827423504626422,0
127.38808982488158,0.17827721524296836,8.437157129172162,0
177.39837078557247,0.9893064174593538,2.720935076748628,1
65.91671573903642,0.07373195364894192,9.00811338581265,1
170.0936327153976,0.7900255372735586,2.8269001094180997,1
107.85309604808842,0.6185154135196892,3.9337154056599375,0
86.73176452463987,0.03171477172680548,6.231149382720322,1
171.1107468044902,0.2493655036262039,2.494807473625926,1
64.1761751938937,0.07779711731376582,4.114873675884998,0
127.25482196530291,0.6406051053710908,6.424913983932042,1
159.84512302505098,0.3176838180190812,7.810468691283845,0
75.55611895429504,0.6290693639793975,7.521637949517736,1
137.5003261453792,0.8833754269565883,2.0207127042331035,1
123.15855438839823,0.578224934181761,9.403144930101242,1
77.80239253994235,0.5768479504926388,2.5324140059427527,0
109.91666192361026,0.7612431688490063,2.8259221330303017,0
155.92593478095478,0.979746560914366,1.4803018101058192,0
105.86759338406625,0.47082450287599165,5.589974953640647,0
91.37953929380686,0.8652886091765495,6.672501446661665,0
120.96684443386691,0.710444888059392,6.075377255478005,0
153.1685250364873,0.35670467900048286,5.119571601399528,1
92.34623139469863,0.027833503424443462,6.204050352952408,1
169.89386769861954,0.5339529073511428,2.8794343834066582,1
150.160282925917,0.14724750528872022,9.731995648006112,0
91.90955804695315,0.3053827736412209,6.643509308157956,1
61.49176122639011,0.6709534709704595,8.65610159246259,1
71.78689162050175,0.6732998805824929,9.071130088565356,0
103.51536168248072,0.09162540967571187,5.58195243963767,0
101.22944740235684,0.6676133758570149,4.304708549244077,0
151.5566844751881,0.8218365783906033,2.745652854993059,0
101.69213072874284,0.2642978074783121,4.678658107165665,1
171.22959759492534,0.028458899493194578,5.671008545552366,0
171.10230036908672,0.7346158474204718,7.284199566869203,1
144.13299397086485,0.08206758716497875,1.04847420675529,1
108.01186058323617,0.2237735703003635,1.5802653572645156,0
86.88604393946228,0.4505064792568675,6.018992061749851,1
135.8207611839581,0.4217535862666909,2.795863068755639,1
108.02697385900544,0.03148505220367215,8.854279867207248,0
81.83481579532307,0.9993403006762225,4.625082281622104,0
175.7868312194215,0.8017780182891231,9.415027789742973,1
83.48490040961394,0.4259438953222344,2.075450033753535,1
178.52809716200366,0.3978808698360863,1.9720547436819345,0
147.0083226359227,0.5270448586173998,2.6512279714108145,0
140.0716271971487,0.40366291842810353,3.3262790810904246,1
159.1055827710933,0.7650773755039597,2.463096943061806,1
171.21890375565863,0.36169155952580534,1.2005995388284774,1
78.24757575150927,0.7853962262243289,2.079706352397508,1
109.20320167744579,0.016357767894162212,8.600884975105611,1
62.613403689516424,0.5596203794610956,9.472196853313879,1
147.78554522143202,0.21616136807853137,3.821659214179955,0
69.89986460435878,0.06949718960731421,2.3731366425126317,1
106.1417252918456,0.3238722597722845,1.7799711274574612,1
85.20608999071344,0.5308993823566196,4.888911444376891,1
144.29626612781456,0.9633305260217457,2.362999665225759,1
139.6193162004194,0.28398847289392326,2.443142302117858,0
156.02650581793642,0.7544341120879772,8.730218684692243,1
96.03818883610559,0.29825316870670493,8.886906476542404,1
77.39323325977723,0.7421403640875461,4.435683752374716,1
166.24407110329315,0.05874624602304912,8.695158519804647,0
111.67909551004871,0.7676329125400453,9.229568437298415,0
124.47316841975109,0.5998256431903387,3.874490448413148,1
75.00621808095465,0.35763950145845447,3.1228086382363065,0
174.62028006048564,0.3842623376840135,4.541080927921451,0
99.26962701720083,0.5870311109949382,8.757215119526755,0
112.14154365436474,0.6602380152519371,2.404955696088052,1
110.9890490327173,0.3304210068468474,6.307640211925373,1
138.30260481685744,0.41397905747500885,1.094999274077114,0
106.27577617856107,0.8247307144874864,4.705487372253199,0
152.04316677864884,0.41661511482391556,9.555382183483635,1
147.5326832022492,0.2771998660216022,2.607254104065575,0
163.7582491368957,0.03453278175394359,3.1216618185322202,1
101.03909801122622,0.5175102936663093,1.6082151848928636,1
118.39636148467036,0.09942924184085522,3.1739473451837736,0
102.13476059847335,0.5130979655901257,9.549811407992001,0
126.530178176236,0.43781909141270403,2.7959570064022983,0
72.58105251327443,0.2397880834915661,9.250267595839947,0
70.42727305817391,0.6949079870824368,5.1739000439808,1
83.32694165017011,0.07778152408061978,7.774043478663646,1
129.46334467446545,0.10456040010886514,3.925825552402408,0
153.29258716322056,0.13573624027950393,5.102852379440298,0
141.3780827994342,0.8689760880726645,3.2508547389080498,0
86.31310162130046,0.9536107751815075,2.3464983851871386,1
177.02673129410647,0.49435253812376023,6.72562072589011,0
105.95806671807155,0.839744908010106,6.5751950001183195,0
165.24824175045913,0.9036373654750995,1.6721151185560585,1
167.13678532365785,0.17961126893452717,9.501538972408643,0
84.4730385766151,0.4909538456557987,9.447247905709796,1
104.8722298659431,0.20664922829518295,1.934849133111817,1
125.77017043215389,0.34287365527915703,8.701003823150387,1
96.46105339996453,0.09415059243161628,3.861799164190922,0
129.55279714233234,0.8687576833018572,7.139733509795374,1
149.54662896062746,0.567145421313481,4.9823446281022825,0
103.75845692679675,0.6702835952633617,9.875994607406293,0
173.16592931746396,0.46467524591290765,6.701962174460637,0
143.549207786113,0.5363827563944955,2.960292519692369,1
178.7625967206812,0.6975523648371991,1.751699215700585,1
112.74000991659568,0.5229943709437685,6.406351938117922,0
164.71844261777147,0.7344745523062064,2.0909911053413452,0
144.07755217254982,0.4971777807370299,7.654683637860366,1
74.09208098533607,0.9986009507158797,6.610529137862501,1
98.86602960831902,0.9729319518197246,7.191463656183879,1
95.49213016173874,0.7980417038728058,6.108333982146967,1
144.3559054086167,0.6923263623202833,6.782641911409553,1
140.76699982034376,0.2576821913485111,7.089124000335471,0
127.87602717544274,0.31793778135398176,2.97552028057105,0
104.1317155193936,0.20056284041725259,9.912281895508194,1
146.96350934288344,0.3712271340566595,3.463978391748348,1
164.55850334769212,0.03926318031385978,3.2866549334779855,0
155.40533007150384,0.5127678297273857,5.549696440696503,1
118.57244687228658,0.6846900531784801,2.400141070713098,1
122.3823221276279,0.5668065695853505,8.25450210237327,1
74.8577486385201,0.9128867236025623,7.287334735097309,1
105.78728368381437,0.7805944512229004,4.1140597163151424,0
67.42098458385071,0.3904411787980756,7.755419347362741,1
175.06371610305143,0.7161931807378635,4.677693986201271,0
97.39964891614764,0.9454743652410992,1.9790634503550968,1
141.1378001305559,0.041805691740545825,6.405598168906037,1
172.75892296459944,0.3850693375936073,9.018527579390472,1
146.4602459896504,0.6733941240522159,9.620883028991942,0
65.30897682613488,0.031968799973659756,9.251969353592433,0
141.88454557404606,0.5229154296193584,5.184373590353147,1
134.96547878984745,0.8919522149056225,2.47253227311582,1
129.1822644594729,0.5470325239489491,4.140507801086628,1
136.70317383929802,0.704034955260846,2.609710742104363,1
102.58363597564133,0.3025229512190495,2.0577057133054355,0
135.2747937655128,0.5406774463464132,7.372368351980671,0
134.2644679561646,0.6600673309349712,1.4687206680123857,1
132.8471666819434,0.223997154734498,3.7931629615499185,1
111.02406982411723,0.0027526205306187546,4.276524363534907,0
87.55620773780414,0.7820785013822332,8.779853448290044,1
78.97363504766071,0.7197368512193075,7.141518306732629,1
80.67943318401457,0.7203826809961899,7.043097988006297,1
178.31001973085245,0.44099323320507466,1.1847229862084228,1
97.7968053314318,0.7630749659538255,9.51315390101273,1
69.60929391354328,0.9022945988835773,5.886761021556688,0
78.71811002630923,0.8309182304455047,5.81112609901682,1
141.81858110709254,0.22951971884704714,5.245689016908742,0
127.66562653253753,0.240741404510028,8.356061245450942,1
119.08675578278212,0.5628043237821696,4.507089852777299,1
123.67557776478694,0.4409607878097973,3.0990641566312767,1
73.8397483366135,0.4166461478652528,6.567900772635292,1
60.98769446849336,0.6497346064500167,6.206534430759003,1
110.0832911563461,0.8303637547638493,8.850359067925005,1
166.12815329516584,0.9227715240103981,3.0581470879598283,1
123.168746222077,0.28835722206181724,3.130946308796116,1
165.02310827423344,0.30568857342442546,9.154265797780372,0
79.73601162529665,0.7130407898879647,6.137741177576099,1
98.80657205216443,0.09217435200092927,6.809762783507147,1
97.51068784506154,0.6199187393508131,9.689998944397095,1
107.05585340623199,0.28836582055676396,9.136643408463303,1
145.59720775703823,0.5901421436401094,1.2362414251238178,0
168.10496155072178,0.46796645102705925,2.215172170086309,0
138.1905291177763,0.7704490136333594,2.282429863375072,0
88.77582255908538,0.707457943246802,6.28049536179289,0
96.80494434575402,0.8083188833685826,8.762118464200684,1
145.87434338714513,0.5371568726851446,1.5750946609642231,0
106.37285625161847,0.2578399006351334,6.803389051749998,1
148.73019419218124,0.20211232192297324,2.6345933207805436,1
119.60437414987075,0.8337010080246201,3.475680864110226,0
86.06911739271415,0.6122797498395562,7.057647608113583,1
140.29657718014772,0.9496194760610683,7.916877521511209,0
138.20311856936797,0.06134766861979224,2.802517529636725,1
149.6229721979554,0.7011190317617111,2.753731418778165,1
65.88382955791391,0.6907978752833164,8.93251874985897,0
178.9178302322643,0.3400554362404232,5.2295894793625415,0
163.47704248709277,0.8254599505478286,7.179334952780802,0
160.08544203150302,0.5426283037147279,7.722616702778532,1
104.380249685085,0.3068314747244506,8.488275093770028,0
116.06998614681771,0.26286777996806165,4.948184093407894,1
92.70806548456329,0.1221363842287837,9.892298523614931,1
150.5229034386644,0.3283561958673067,4.222967076724656,1
82.36218045349347,0.8907672602020589,1.4192228755862457,1
60.56509943571346,0.16031809509649886,7.6093175013696435,1
116.33131332527591,0.06146373088487522,3.1320597460162616,1
72.29049528693741,0.25616882946577624,3.657648002106626,0
141.2675608440979,0.6139580958565001,9.17304786451824,0
77.0178979789901,0.3218284376461671,5.289488701443595,1
120.66020517357418,0.9723352237911461,3.6523114033993416,1
99.86280255988419,0.528300942996981,3.666122555347422,1
128.2553114432641,0.027969307934476828,5.073397008549731,1
102.13191089909448,0.8618162878357415,4.7069574945647235,1
138.84276488210557,0.703902677258965,1.4500143703641402,1
125.99657772732299,0.8047722889770894,3.346994127106785,1
159.84633942320988,0.8159869965002299,6.218596085833811,1
132.5215579639871,0.16655568096153317,6.413816402842402,1
157.6327244592316,0.07940380120870916,6.271138813803456,0
73.88793496958856,0.7429699574479122,5.342648555609312,1
75.30302126090805,0.32711081578128964,8.274554371542754,0
164.37390983143487,0.9994624084257492,9.29868293215097,1
117.54167572946669,0.5971807002545053,1.2653697191501254,0
177.97565764457835,0.4010558322217691,1.1805099862049684,1
134.52051687699583,0.7563420345301888,7.106616110832478,0
139.03075875021415,0.24165547980015523,7.206927063523747,0
74.57137276780425,0.757732449589368,4.868812937692636,0
85.54073250741192,0.2831513616339143,4.108834527595189,1
83.07959435066107,0.572129520953428,1.8101936450150817,1
80.45400414375827,0.1475624292632597,6.046265015984255,1
140.69243079994285,0.8939384646090225,8.629419818390243,1
85.83299417681279,0.5716941706397908,9.798679414553614,1
99.01960241472591,0.5801773716614739,5.204835515095436,1
102.52891049913784,0.9274097638743213,3.6805111638055648,0
142.66204216400854,0.8746983105995358,4.775687134540826,1
144.42828763632048,0.9138168660928606,8.184921552359596,0
167.32289342589624,0.8633420350461629,9.008899222855927,0
98.4593943139489,0.160908999172526,2.6064129134811465,0
88.35195093576928,0.9483267088002462,7.1964388781680695,1
88.37952002698648,0.5459740516340026,7.192853069350498,0
163.46963455657206,0.6677494285764337,3.9109079653990215,0
144.21008882088233,0.37576090879039825,8.978396818327326,0
118.62873941486481,0.5197674769376601,5.60077594292197,1
126.69343341181317,0.12384514282629344,3.688765380167959,0
77.88867302981117,0.4088942109823951,5.864159756944757,1
149.38917894789498,0.951998486078556,6.0231243910213355,1
144.56276384530037,0.9206482329923296,1.0449102642997126,1
165.29767851207103,0.8066038917100864,1.2084172915083415,1
151.3285508652542,0.4320688434840583,8.474264841812406,0
125.62474354848112,0.0718499224719793,4.773020413062808,0
152.5214917566144,0.952520719713856,5.194682456681141,1
91.91612308555472,0.16451879963783378,4.761501692626237,1
120.29302705727792,0.36796235524742915,2.000028400539017,1
152.54900038881797,0.7154057888984313,3.8998344524157984,1
93.26694189279323,0.12707361248798144,5.8518170648584285,1
169.50611864192962,0.7003761949527646,5.978969118580673,1
139.10311652767592,0.20322177087702797,2.718887887776187,1
60.97119209653237,0.7267101928147068,3.2222714700963317,1
136.4526155787907,0.3168786655747665,8.481772788816443,0
78.54608390627588,0.19675956898327607,7.565405114072899,1
95.99412942225415,0.6188709647615357,2.603862078905799,1
104.139214397834,0.2819093454727095,4.448090651922703,0
155.53071369343544,0.43654076022032884,3.5992913711851484,0
147.07345992128018,0.13665533880852676,4.473759431192141,0
67.25379099767288,0.8118149999030316,1.4628098246882693,1
170.42147592700107,0.26093650276594016,7.006973018683818,1
141.19298423525328,0.1531686525768835,3.4494313935656993,1
174.08193528427438,0.18365720464387858,6.9005963365537095,0
134.31239648631478,0.4373383564559721,3.965834665309471,1
62.71640429174843,0.8954794649104324,9.713467131045356,0
162.62901609905052,0.6941745257624848,3.114754490011066,0
65.43328370330552,0.8799238004858245,9.4649357406705,1
117.38891145547873,0.3604273194452742,1.908042702941683,0
88.56649611987652,0.10447213373487496,2.46753894961056,0
126.42200357851168,0.5883538545837015,8.085399164575605,0
91.24393004460265,0.534187002050374,8.295125449435162,0
77.879796418474,0.6304367414083557,2.4803507619805956,0
75.27965306244324,0.455982618700013,9.815818950143587,0
130.77403900191064,0.47163368469024514,6.381374518209339,0
61.630560940338306,0.4914894653506223,8.60596115616081,1
133.66707314219843,0.26928660517722725,4.6627018584167805,1
84.68866825350575,0.17304307041094602,1.3440419623266389,0
135.65900957638004,0.3340656066196579,4.232503383468164,0
114.81920270967846,0.4407308201809361,6.635816715156936,0
90.9056544471395,0.9526976408043213,5.969477007938832,1
148.99409838501697,0.973401537425884,7.555834216575565,1
68.45851499707877,0.12627048367315807,3.9310976482654407,1
177.19720717832718,0.6082995170999057,1.483727066058192,0
139.53207005202975,0.22750253635231832,8.412061495283984,1
85.56351425021741,0.9075380610377548,2.544049052122538,1
147.6100840417067,0.7163407329108245,8.186707712416995,1
72.43995446017826,0.6211748070098141,2.5526206618098826,0
143.1303265748561,0.8435045859093744,7.647660945942238,0
84.2234126521279,0.9657157597913308,3.4799152971131253,0
174.28549664906825,0.22299525932782116,1.6060089635551282,1
176.79690085602115,0.4407819853069844,1.2437148363212884,0
79.8717225011107,0.45121033323478277,2.948990486792186,1
90.82921545564858,0.2648587818407927,2.2304121034718887,0
92.60086193714353,0.6304787044281432,7.840619026798516,1
98.686597167963,0.3379083880533308,7.583488089559433,1
132.51197705441416,0.4486175929927736,5.715317319488029,1
102.62470135619776,0.0483212051922125,1.5900131055960447,1
163.88497487009843,0.6187956524192315,9.233081880638812,1
178.80452714851452,0.09855221261219071,9.18119358949518,1
86.42788689588153,0.2660371669774768,7.929027180708323,1
169.73485549983806,0.8288022851402692,3.8653267446991615,1
175.77738747301066,0.20894012567851228,6.189275119633416,1
99.82194699380133,0.9789666345805336,8.731428680274608,1
140.4822226505107,0.3048367785952375,5.844286482041342,1
141.34866420940415,0.4867663899021246,6.137397189606098,0
101.59010320666505,0.8037922489602642,6.758634934012715,1
124.35810106747272,0.38287933784554296,4.364130798510313,0
136.54419636802646,0.36507423719059406,7.011333143924487,1
155.0078335084201,0.515344024750839,5.885268208215349,0
133.59987299686196,0.8182993658343423,3.489689255659404,0
82.51678069980713,0.5104310019147004,5.461370792676857,0
166.87608370457735,0.4456129040288782,4.665617267494594,1
122.2674177342341,0.31581036637409243,5.184170879511869,0
163.11465619476036,0.43392037324853217,5.266149096706182,0
120.34621216165078,0.02143341331987969,1.7816881970988148,1
71.17920985803033,0.38646023874215985,9.844900765112389,0
156.33976415556344,0.21607302494520542,3.242584533049639,0
160.57578469140083,0.6529797788219086,7.1918284683030596,0
88.61997251490877,0.2116542297792885,4.101673028001022,1
98.38230698567214,0.012727525401561857,3.9121961512506713,1
117.62275824681377,0.11438085362909067,9.388219206323383,0
139.78613137601405,0.07430946045738718,8.567550315017739,1
142.2055284869776,0.038043165593227846,7.108145823153562,1
72.77694328193982,0.647823896535187,2.5710433125526775,0
168.52407567857253,0.5082148355457078,7.7234537941371295,1
89.14828656947715,0.497587924910711,9.48389759943611,0
76.7177383928638,0.5643418142614249,6.019371477049023,1
109.22478891271149,0.7195093387589085,6.950689049582584,1
157.9728353745532,0.5088221654220048,3.5400517046297892,1
71.25649752886963,0.6585566013741546,7.399129421458605,0
87.57645920738318,0.6377507405252312,5.836213027524005,1
112.28489121809665,0.31077120055379703,4.0689296681877485,0
101.93261097820073,0.8109112498502393,4.632656396580762,1
105.59850763374922,0.9852471937278913,3.4269236177020197,0
111.75863468361455,0.32146334370755103,6.293450706617875,0
86.17540897535588,0.17672600551620787,2.9885538572916177,1
147.13039653118722,0.09582990682721493,2.418178115191361,0
60.62950027456655,0.6285813044783605,5.114899783138398,0
172.7586687254868,0.6944344195559151,7.161157920179416,0
176.1460833676299,0.7510078801795559,4.26952419566314,0
169.63721601806353,0.3280870689603217,3.50862823585043,0
167.36947158160459,0.3115753067861615,7.517771555971769,1
87.72909803681668,0.9085017382778817,2.664848082477415,0
155.30972640319277,0.7315257175885019,2.9216789049978056,1
96.77279803021497,0.06879048185387882,5.383798639952733,0
147.3275273598075,0.9177093820763808,2.7046729586036347,0
125.84549251355607,0.3143501707933448,5.693355954811905,0
156.54802305963807,0.9504573014899321,1.0498426938658802,0
150.67809883833243,0.8922673430731741,4.796789338842569,1
116.7651709484933,0.644338023877237,1.528609573650736,1
99.5797272348436,0.8560784462411136,2.6969525949921302,1
164.83038987792764,0.3387724711979061,2.4009200081591704,0
105.18554942066802,0.5810613808054612,1.7615418910248297,0
147.3938202799265,0.024597580155950594,5.504187688619957,0
93.13150824349157,0.9995281998736001,6.368772142727261,1
90.09273353875507,0.3976519982865435,9.283376139207519,0
139.9301947173396,0.5330773478997494,7.8883460229133044,1
179.49747874050286,0.49366379983233966,7.286400311330191,1
82.05100845050993,0.8250366465901593,9.458057678093256,0
82.7363021039344,0.022764701306051793,5.835854103971035,0
153.02202790200906,0.8459011208090563,2.7457646927438235,1
68.25235357645566,0.9231634521703581,3.4552378746923407,0
104.74210615570271,0.6008639482762289,9.297856235880287,1
124.24920360584647,0.09209677029861352,3.6187295073368593,0
103.96050511888264,0.6026955746265457,3.6557477794829563,0
98.42776150734389,0.31300943508087775,3.8269483049621438,1
99.55087457310056,0.3746285200738345,8.159361943569204,0
150.98845270598648,0.2738760177469417,9.994732076755938,0
82.58682883888378,0.27952490296468435,6.529548061820565,1
109.34207212540132,0.799348776288774,3.582780728434942,0
74.12203511892918,0.9176413314301405,5.144172729058588,0
80.20621950392231,0.6254587912098516,6.731746445424893,0
69.34380244575775,0.8598728794361232,2.545344984585872,1
83.87581747953485,0.01836362085638965,9.401653354333963,0
151.6460767429453,0.5411626166679637,1.6282124247464456,1
88.90418490487892,0.1735950543455339,9.685757826995527,1
90.89285323643048,0.5798987502791251,4.667966089983649,0
121.06928586842065,0.03999458497865449,4.08899158641726,0
73.48978435284789,0.5698019446127206,6.788704949350338,0
64.17233573535741,0.5280086314686154,7.079457470111411,1
64.93373669930243,0.5541525277152638,2.233215629830756,0
151.00287509957064,0.18452250949443838,1.6704614961319801,0
80.99861840589718,0.05214206445479741,2.356080920162815,0
71.88411182721426,0.22197811197276374,1.2625008057550118,1
113.80325649571662,0.7692520568555805,6.398302400331069,0
130.2270460984164,0.07026496988129372,2.381186575181246,0
173.3880170945896,0.02701208840948932,4.6129734835076,0
63.46414264227392,0.27952832518348303,6.5376556887563595,0
167.65984686363834,0.17305809334378686,6.267129807400084,0
100.66613254741208,0.37867424498433366,5.036193525143852,1
127.91700723412134,0.18215051509935964,8.656766149553473,0
172.23320454246982,0.6422475789932811,9.224052531756698,1
143.15964608422954,0.3849080042600759,7.759981034073228,1
69.17205017750246,0.6910394095566372,6.762833619781552,1
61.75539489382655,0.4519932398310339,7.244040198872385,0
130.21010991505503,0.16671650006804328,1.6721504141143408,0
174.7314536251092,0.1392647786313752,1.0785397150850213,1
78.92063784278396,0.8954143394034694,3.6603911192636245,1
88.74630884401716,0.8463624502487725,7.870188652141879,1
161.50656429943888,0.7123946933887391,5.880582436923145,0
162.7354564645762,0.414869508431544,6.672274822060923,0
160.66831700101486,0.7100083658946542,6.258842774816044,1
63.84950687906466,0.10358597792550561,8.145412888220049,1
106.38863323674147,0.6338521711929705,5.285145660449983,0
102.90837298799153,0.5592532546547536,2.108478138578272,1
155.43017183699618,0.938616481297059,2.9706939773397694,1
148.96012309265925,0.7397881338950251,7.675965887214138,1
99.50123813597557,0.6347370641092208,5.69140215506179,0
161.009318575664,0.09290153194711903,2.566845593046322,1
142.90545722150426,0.9720733487345975,6.47145481087391,1
102.12605139519029,0.11960033224280864,7.110525465363487,1
80.45249234383789,0.8035001008521423,6.910184836569505,0
89.87856840470087,0.5088254272370264,1.839056658008152,0
134.12798507394214,0.8132183933142257,6.098197106284286,1
62.057136915943936,0.8841177743440728,9.884524947465948,0
149.08612974258915,0.010001870000270308,4.043349080424143,0
146.74549770441502,0.09394352901436409,8.14492281704192,0
91.69262224733401,0.04889039249389582,6.045519191248601,1
92.66221861015241,0.4465610612272348,1.426000378539384,0
157.9090784619166,0.06600740078099665,9.498870173464024,0
63.657181827292476,0.5870751171820844,8.795962081653808,1
112.2407370917701,0.7701540980388578,2.6839416334544035,0
150.36692966518527,0.11656889220456879,7.142019844539471,0
157.57717911278488,0.6163468968696626,8.40040341886791,1
121.4511424438398,0.027468783639962524,3.4066329413051664,0
112.90595649585838,0.48212679567814676,2.588523426656202,1
94.94765813004256,0.4031732191351325,9.05790207415007,1
115.51324398783692,0.02377563399353677,4.432777077602616,0
155.3336286039447,0.1711078871987738,6.87601311328512,0
118.56862975867494,0.11086361115029253,3.4409137885823373,1
80.03855430840937,0.8949063618831792,7.304436861749199,1
155.0244614689233,0.3189466142829581,5.51191239583431,1
151.00622826215982,0.6016121237991927,1.1909201237246032,1
79.88322349123227,0.3944116419848225,7.1087946985522565,1
134.18893720386325,0.10440801877684058,7.577303873344832,0
169.03543405268698,0.5244073034702212,2.5611423025009215,0
91.9102129884104,0.621880934287545,6.003779079237743,1
132.85585841925587,0.26475741378158923,6.920156154780286,1
127.44085683872727,0.06414668904244036,9.873193961224722,0
108.11138062183207,0.8306344605519985,1.0070029238070615,1
109.60939731438481,0.058313306474303106,1.438875106575583,1
177.42430462889268,0.9732446775637822,6.202926548867729,1
158.57593112310514,0.4204412515471212,8.176208374333644,1
73.06782474188975,0.25711318366015223,7.1558930220954915,1
112.59612189088944,0.6226427117589143,3.312145101237253,1
133.91878966734765,0.09127478743658368,4.7762831569000435,1
166.73273935715167,0.4152439029479206,1.8777012008090757,0
152.73340667967943,0.23451849009961445,2.541598675219571,1
153.81341085944482,0.3367696652274381,1.855448871671686,1
78.32210430510838,0.0021962478745743974,7.246503490600898,1
72.6968763898632,0.7433716545126986,4.23699114852354,0
177.63419248475287,0.08275890347080317,2.4416348005315625,1
170.01791991270403,0.5454604353363518,8.580944521956141,0
121.02610945556306,0.4187210818950692,9.097138535039143,0
105.81025122475712,0.9310992613292806,7.8731641872054565,0
178.9390686344444,0.7467052746670704,6.661024175617561,1
86.52596612932676,0.8454679779024536,5.6180767100280535,1
151.23779501033346,0.7121000295945855,1.75949194812863,0
146.5833664253671,0.6357444470089458,9.030336657973542,1
125.41990165849313,0.7541237310688913,7.8302251239753815,0
175.23190016075742,0.052495259666336835,6.52660189576084,0
76.2384423795724,0.9945411012989732,3.5286690705490638,0
179.5256027705193,0.08456572187354461,9.46871758789265,1
79.15251650157889,0.30717063820080837,3.7233670337428046,1
113.26690176992449,0.01109108125260616,5.984721892420362,0
69.73739909993563,0.6630645184466797,6.226255633692326,1
63.34491121607151,0.8732132598362197,9.107883526838448,1
74.77879119989333,0.8477809127121568,8.99144309129939,0
132.3291429186742,0.43175957632647133,4.089967532830545,0
152.3286663120368,0.26545728305113825,3.1056088507891397,0
82.87780430152388,0.6671743829090181,4.489314279825784,0
101.91619576317034,0.24146375214411153,7.09806696077129,1
140.41216074613868,0.5645248093381843,9.795266170512232,0
112.40258369315923,0.09012916301864238,1.510600703451251,0
101.27910263549165,0.45795248808936706,1.4507727172234706,1
159.72742255845841,0.6244838429362709,5.0664568585011365,0
149.72092727624113,0.900703668649904,7.000243510485044,1
166.89407097555986,0.25799361826149536,6.937830583056908,0
158.71877992386146,0.1121314773541977,3.008575769664731,1
78.76061462363997,0.9340369616715961,8.958061058807392,0
100.53797318343388,0.334060382228476,7.085432741698117,0
177.56795144616407,0.16482581057027634,1.4567848446030836,0
157.03185146460862,0.2223715233081196,6.624864291795723,1
60.40110833537911,0.46366531707941794,1.0665073309728577,1
119.86779105511035,0.11372803332029002,5.701204254264845,0
105.59597007794082,0.3033375089119408,7.655722236452255,0
105.8260456277651,0.2332935270281823,9.079189249967593,0
109.00636647094572,0.31045386914760664,1.5896097846603157,1
87.66727137714193,0.043157317202609624,1.5055529994873451,0
105.25004996155297,0.3829545142263511,4.58204286934994,1
63.42238211174995,0.39838659997804593,8.684743987143932,1
152.42158610736516,0.9503791895967191,5.6617131624524735,0
111.14972948403083,0.22198650456024893,4.701806304643717,1
106.99706687172434,0.8590544438955751,9.415026827775517,0
170.47997466968042,0.717850869202979,9.41439796461077,1
139.2814424600959,0.6986342903615342,2.724860010851052,1
150.00039384756107,0.5524714368390977,6.777555425881449,0
169.11533898230044,0.5859418867530495,6.228269818980956,1
99.82390600754488,0.2585550894299531,3.9924023206426136,1
106.15322118380669,0.7469316693622926,4.680459658787626,0
167.86029191004582,0.8179461618634396,5.8078918433333495,0
165.6768619309562,0.8402943582812673,9.28359100522914,1
126.6413607410398,0.8738230917537719,1.2874074461524359,0
74.39929994949179,0.901317768586148,6.971959787301487,1
126.8045224539572,0.2142155588678013,6.0740239435419765,0
151.46135667108194,0.8166908002132883,4.252931321767657,1
74.00479372569806,0.3136111693020952,8.896786293432138,1
169.7141676759852,0.6442194266420491,9.706881886482796,0
167.9466924516509,0.6971426414652693,4.156904598734302,0
135.6538862970002,0.6196113506240642,4.32264226323387,1
127.99432007047434,0.03406053969511824,4.828524962005068,1
173.40581698076858,0.3446578649829749,2.359631848126874,1
148.26126809686133,0.6437096874414913,8.394258983752023,0
166.6588276261606,0.19521823471707722,8.40100574904567,0
117.68500258444641,0.7843155431109169,6.497195994574954,0
109.47556547444302,0.6617028079864005,3.8920622374276546,1
74.16692519120653,0.7157770980414079,1.8468625902676838,0
164.70028591240774,0.3291538164964495,2.4375438253750117,1
128.88474759896985,0.5422012114321954,3.893169597643094,0
162.44847400152867,0.5694283682688173,2.148055139529461,1
169.9719613941557,0.11624125314942957,7.8714048027560315,1
108.0398109509371,0.8322502738805145,1.2173424218877482,1
131.2286027941269,0.5217598020408893,5.13197042211893,0
150.32724780667172,0.02426735736725949,3.9502325309238286,0
71.72657108078315,0.1677944737533903,9.036631466557282,1
72.71978519123769,0.1150671810016688,1.022227881284101,1
177.02695662350288,0.5964036695012125,3.016506098920316,0
60.195391016611154,0.4078074207806731,4.288673025125718,1
178.55554108581134,0.17859951262524387,5.9253102650598946,0
69.0660526611052,0.9664922733960782,7.099551798173986,1
110.47190217618939,0.12476530163287458,6.93102809211012,0
111.61340378791081,0.9540883851496011,4.422711045080669,0
88.4236581989133,0.1258107877319432,5.571786699436811,0
92.87012049315746,0.6308685509268981,4.8579455647735035,0
171.3731227399708,0.7998970324263498,8.257059517585702,1
69.87077578560064,0.18782654346333716,7.776227893898254,0
78.58539622565972,0.6864449460047154,9.347488827816905,1
160.76092039476117,0.32940453047248697,6.471189322354703,0
140.77258287393175,0.7472589520707718,8.039448077303017,1
137.71039744965364,0.7515356806724238,2.950030820976639,1
135.5043371415311,0.005786821552013488,8.506740131369009,1
176.75332387739473,0.8605915554408405,8.924144601782357,1
113.23439869266943,0.5296374034423326,2.793399811224435,0
99.31033856985928,0.8507648572058953,8.224077501871179,0
166.97124525635303,0.0835034296427789,5.990672667769121,0
79.04020610687967,0.8559525473109255,1.7077341631456944,0
137.35339526024728,0.6697477979473806,7.655654015501104,0
176.28886004299923,0.15120703905190847,9.89072869459293,0
102.0295760235154,0.7182061828928267,9.167499572575704,0
70.60224578962594,0.04959199831434746,4.990849052622638,0
117.05589740985783,0.42355765168038595,2.753734131492217,1
74.62663813435334,0.46483667908953574,2.9392529037351087,0
134.95650738937866,0.6853084005122706,8.808070957677014,1
60.75974543243683,0.17070466808698892,6.1076602042914505,0
71.0289775249653,0.8768835444525538,9.353088483695089,1
127.31752080228945,0.9062452206477745,6.719873061450658,0
106.58895206522733,0.7860439151890791,1.7555327531996348,1
84.87075850954733,0.2486165768330979,8.33772428280399,1
165.45944570312514,0.5719402108499672,8.582756098605156,0
135.48729259919435,0.2570578678447778,2.143951446012547,0
119.56783018635016,0.8377081426559925,2.948499134640401,1
139.84828545613766,0.7487077243483244,1.8525992735443524,0
99.63600782789867,0.3697830837459082,2.707561208644994,1
179.81737609564055,0.03145850611870915,5.527051270950688,0
90.70814665533085,0.695968705484058,3.016271446982117,0
64.33045641421863,0.3374198264267888,1.2527547459612722,0
69.29396652434991,0.2501510373711431,5.735634975486108,1
171.89840082121893,0.7041349635440515,1.6091204445190812,0
84.31417474252731,0.8928404302068885,1.6614058672101852,0
113.10224535009726,0.9337059453475025,2.6460164764260843,0
95.63460833223604,0.05774250459030861,4.414245711549135,1
114.4067351292966,0.47686552777833646,9.681576072868395,0
86.20381454758996,0.24244437075961478,7.897675025586064,0
